{"mean":{"confidence_interval":{"confidence_level":0.95,"lower_bound":5886962.69309375,"upper_bound":5888471.26859375},"point_estimate":5887697.91,"standard_error":383.93305043011725},"median":{"confidence_interval":{"confidence_level":0.95,"lower_bound":5886007.25,"upper_bound":5887427.1875},"point_estimate":5886656.625,"standard_error":352.46418511458677},"median_abs_dev":{"confidence_interval":{"confidence_level":0.95,"lower_bound":2019.301164150238,"upper_bound":3635.427797958255},"point_estimate":2953.153822571039,"standard_error":420.5617531778709},"slope":null,"std_dev":{"confidence_interval":{"confidence_level":0.95,"lower_bound":3091.3091453972024,"upper_bound":4570.18600255914},"point_estimate":3866.199570144675,"standard_error":378.3901240173967}}