{"mean":{"confidence_interval":{"confidence_level":0.95,"lower_bound":-0.007668464475362044,"upper_bound":-0.005495782894710666},"point_estimate":-0.006551423097694742,"standard_error":0.0005627198339766831},"median":{"confidence_interval":{"confidence_level":0.95,"lower_bound":-0.009015091736214488,"upper_bound":-0.006965216865706947},"point_estimate":-0.008301110782926724,"standard_error":0.0005688888212109362}}