{"mean":{"confidence_interval":{"confidence_level":0.95,"lower_bound":-0.0020557077425614714,"upper_bound":-0.0007838445943766232},"point_estimate":-0.0013834519826028124,"standard_error":0.0003236475849531081},"median":{"confidence_interval":{"confidence_level":0.95,"lower_bound":-0.0015311504653137212,"upper_bound":-0.000396480625781237},"point_estimate":-0.0009243097142086487,"standard_error":0.00030683446723039605}}