{"mean":{"confidence_interval":{"confidence_level":0.95,"lower_bound":-0.0056284521728936325,"upper_bound":-0.00042909158074516397},"point_estimate":-0.002898973562670548,"standard_error":0.0013326838031005974},"median":{"confidence_interval":{"confidence_level":0.95,"lower_bound":-0.0013645058556729373,"upper_bound":0.001972363482558137},"point_estimate":0.00035262079322939677,"standard_error":0.0008285039267315861}}