{"mean":{"confidence_interval":{"confidence_level":0.95,"lower_bound":0.005405333074589398,"upper_bound":0.01746097691074288},"point_estimate":0.011427898394286151,"standard_error":0.003066095118157599},"median":{"confidence_interval":{"confidence_level":0.95,"lower_bound":0.015769101368115157,"upper_bound":0.02833110382330073},"point_estimate":0.022300499182142497,"standard_error":0.0037391753143406156}}