{"mean":{"confidence_interval":{"confidence_level":0.95,"lower_bound":0.008024655042537104,"upper_bound":0.016780287927836385},"point_estimate":0.012534243309105353,"standard_error":0.002246684709908763},"median":{"confidence_interval":{"confidence_level":0.95,"lower_bound":0.0077413708519478005,"upper_bound":0.015315172519473563},"point_estimate":0.012253563542277801,"standard_error":0.0019510304633347123}}