{"mean":{"confidence_interval":{"confidence_level":0.95,"lower_bound":7452379.393857143,"upper_bound":7459518.398785716},"point_estimate":7455746.960000005,"standard_error":1826.2865845718225},"median":{"confidence_interval":{"confidence_level":0.95,"lower_bound":7449686.285714285,"upper_bound":7456896.714285715},"point_estimate":7453041.214285715,"standard_error":1497.8721254183356},"median_abs_dev":{"confidence_interval":{"confidence_level":0.95,"lower_bound":10408.063615219737,"upper_bound":17125.300495965337},"point_estimate":13342.340763125707,"standard_error":1758.9451554572222},"slope":null,"std_dev":{"confidence_interval":{"confidence_level":0.95,"lower_bound":12923.88525003208,"upper_bound":24471.195835190945},"point_estimate":18276.030062833368,"standard_error":3164.6417694015004}}