{"mean":{"confidence_interval":{"confidence_level":0.95,"lower_bound":-0.0016020414128288497,"upper_bound":0.0013071874630671276},"point_estimate":-0.00015418712197912132,"standard_error":0.0007419825988474336},"median":{"confidence_interval":{"confidence_level":0.95,"lower_bound":-0.0006854445699371325,"upper_bound":0.0014013467610764932},"point_estimate":0.0003270325128128526,"standard_error":0.0005219575044212302}}