{"mean":{"confidence_interval":{"confidence_level":0.95,"lower_bound":-0.0008964237127586759,"upper_bound":0.0004010863516348217},"point_estimate":-0.00013033840999276958,"standard_error":0.0003359749495879658},"median":{"confidence_interval":{"confidence_level":0.95,"lower_bound":-0.00008997245078212757,"upper_bound":0.0005007740727218657},"point_estimate":0.0002955341325827643,"standard_error":0.00015257377078650697}}