{"mean":{"confidence_interval":{"confidence_level":0.95,"lower_bound":-0.00757330051635498,"upper_bound":-0.004439928075082379},"point_estimate":-0.005936017918561132,"standard_error":0.0008026827246668418},"median":{"confidence_interval":{"confidence_level":0.95,"lower_bound":-0.00426041996635651,"upper_bound":-0.002735232304810542},"point_estimate":-0.003420530143559697,"standard_error":0.0003936998114645815}}