{"mean":{"confidence_interval":{"confidence_level":0.95,"lower_bound":-0.005840224800284151,"upper_bound":-0.002784525744161537},"point_estimate":-0.004269053968075864,"standard_error":0.0007839775836041872},"median":{"confidence_interval":{"confidence_level":0.95,"lower_bound":-0.006403073770986922,"upper_bound":-0.000428993525980359},"point_estimate":-0.001775145568257197,"standard_error":0.0016692443898881175}}