{"mean":{"confidence_interval":{"confidence_level":0.95,"lower_bound":0.0033742616732842126,"upper_bound":0.007585769510360041},"point_estimate":0.005469260908639084,"standard_error":0.001074030134312434},"median":{"confidence_interval":{"confidence_level":0.95,"lower_bound":0.0012306020602426138,"upper_bound":0.006692312062474226},"point_estimate":0.0037702669440640157,"standard_error":0.0013891426142368035}}