{"mean":{"confidence_interval":{"confidence_level":0.95,"lower_bound":-0.009547131066563228,"upper_bound":-0.002983646464369613},"point_estimate":-0.006155011726719173,"standard_error":0.0016905091924475674},"median":{"confidence_interval":{"confidence_level":0.95,"lower_bound":-0.001284413165640541,"upper_bound":0.0004511090874044221},"point_estimate":-0.00003477891170688974,"standard_error":0.00048382625132480225}}