{"mean":{"confidence_interval":{"confidence_level":0.95,"lower_bound":-0.008971948970454405,"upper_bound":-0.003954721117209074},"point_estimate":-0.0062468696839653726,"standard_error":0.0012842282012991732},"median":{"confidence_interval":{"confidence_level":0.95,"lower_bound":-0.004005417003548062,"upper_bound":-0.0017590791168258235},"point_estimate":-0.0024636429309694563,"standard_error":0.0006451803292565982}}