{"mean":{"confidence_interval":{"confidence_level":0.95,"lower_bound":2388.17768335797,"upper_bound":2400.9954861072997},"point_estimate":2394.55705991526,"standard_error":3.276092496196949},"median":{"confidence_interval":{"confidence_level":0.95,"lower_bound":2380.694059766764,"upper_bound":2399.2719249862107},"point_estimate":2395.5354760812297,"standard_error":4.887804857747792},"median_abs_dev":{"confidence_interval":{"confidence_level":0.95,"lower_bound":29.18425167674744,"upper_bound":55.965902396020084},"point_estimate":43.32190375740562,"standard_error":7.398264307473062},"slope":{"confidence_interval":{"confidence_level":0.95,"lower_bound":2399.1409876439116,"upper_bound":2413.0714335170646},"point_estimate":2406.0656286532007,"standard_error":3.5505696064275383},"std_dev":{"confidence_interval":{"confidence_level":0.95,"lower_bound":29.64109976199957,"upper_bound":35.59852260120439},"point_estimate":32.932633611528786,"standard_error":1.5194962515393122}}