{"mean":{"confidence_interval":{"confidence_level":0.95,"lower_bound":-0.005216429655867874,"upper_bound":0.0014663224270992797},"point_estimate":-0.001194301144082477,"standard_error":0.0017614290121206232},"median":{"confidence_interval":{"confidence_level":0.95,"lower_bound":0.00009564791000449269,"upper_bound":0.0016977093456069792},"point_estimate":0.0011645511992590674,"standard_error":0.00042159234127114935}}