{"mean":{"confidence_interval":{"confidence_level":0.95,"lower_bound":-0.0018145022843424328,"upper_bound":0.004628906937744436},"point_estimate":0.001853934352287423,"standard_error":0.001659549100401278},"median":{"confidence_interval":{"confidence_level":0.95,"lower_bound":-0.0024080252503875244,"upper_bound":0.00461035046623115},"point_estimate":-0.000808201880103776,"standard_error":0.0016760238738089566}}