{"mean":{"confidence_interval":{"confidence_level":0.95,"lower_bound":-0.021681462708191202,"upper_bound":-0.01791965515114721},"point_estimate":-0.01975154667263279,"standard_error":0.0009509090999917722},"median":{"confidence_interval":{"confidence_level":0.95,"lower_bound":-0.02132714687697168,"upper_bound":-0.020215636802345616},"point_estimate":-0.020865221338665862,"standard_error":0.0002868597769489295}}