{"mean":{"confidence_interval":{"confidence_level":0.95,"lower_bound":-0.00009285345287419402,"upper_bound":0.002289115999811547},"point_estimate":0.0010575781762254266,"standard_error":0.0006090198717761734},"median":{"confidence_interval":{"confidence_level":0.95,"lower_bound":-6.767235692484164e-6,"upper_bound":0.0027059862082587927},"point_estimate":0.0014142246041648487,"standard_error":0.0006631157713876053}}