{"mean":{"confidence_interval":{"confidence_level":0.95,"lower_bound":0.014863441714543884,"upper_bound":0.024235107116712184},"point_estimate":0.019422035430365137,"standard_error":0.0023883225604965797},"median":{"confidence_interval":{"confidence_level":0.95,"lower_bound":0.019884877222517305,"upper_bound":0.02925324599285095},"point_estimate":0.024820131847202997,"standard_error":0.002280919683246616}}