{"mean":{"confidence_interval":{"confidence_level":0.95,"lower_bound":3651.625934783315,"upper_bound":3678.515263144525},"point_estimate":3662.0950673753,"standard_error":7.139294887050016},"median":{"confidence_interval":{"confidence_level":0.95,"lower_bound":3644.063738046448,"upper_bound":3654.1658637077085},"point_estimate":3645.813007272581,"standard_error":2.70237455894346},"median_abs_dev":{"confidence_interval":{"confidence_level":0.95,"lower_bound":11.927694802688737,"upper_bound":24.25776419559951},"point_estimate":18.807296479358566,"standard_error":3.350019587996799},"slope":{"confidence_interval":{"confidence_level":0.95,"lower_bound":3641.9578271911223,"upper_bound":3657.2907921322962},"point_estimate":3647.6669485109755,"standard_error":4.078800850835206},"std_dev":{"confidence_interval":{"confidence_level":0.95,"lower_bound":17.753612525746945,"upper_bound":117.83655990106728},"point_estimate":71.42876123560973,"standard_error":31.8014903046799}}