{"mean":{"confidence_interval":{"confidence_level":0.95,"lower_bound":5620663.198555552,"upper_bound":5630418.102333333},"point_estimate":5625557.167777777,"standard_error":2479.5591399795103},"median":{"confidence_interval":{"confidence_level":0.95,"lower_bound":5620489.333333333,"upper_bound":5629738.0},"point_estimate":5624605.666666666,"standard_error":2623.4845268309223},"median_abs_dev":{"confidence_interval":{"confidence_level":0.95,"lower_bound":16512.95140683674,"upper_bound":28523.658526937244},"point_estimate":22845.300627747558,"standard_error":2977.332550219182},"slope":null,"std_dev":{"confidence_interval":{"confidence_level":0.95,"lower_bound":20598.97427142475,"upper_bound":29214.974524048273},"point_estimate":24987.33069959819,"standard_error":2199.3799971205863}}