{"mean":{"confidence_interval":{"confidence_level":0.95,"lower_bound":0.009954738317030393,"upper_bound":0.013284120238562002},"point_estimate":0.011641904803940673,"standard_error":0.0008576832843341914},"median":{"confidence_interval":{"confidence_level":0.95,"lower_bound":0.012626558134123611,"upper_bound":0.016094354988201776},"point_estimate":0.014773653660953734,"standard_error":0.0008475756305160092}}