{"mean":{"confidence_interval":{"confidence_level":0.95,"lower_bound":-0.002371837149922626,"upper_bound":4.121680718526567e-6},"point_estimate":-0.0012150092904312793,"standard_error":0.0006085213486432811},"median":{"confidence_interval":{"confidence_level":0.95,"lower_bound":-0.002752349491548123,"upper_bound":-0.00003403278146330013},"point_estimate":-0.0014969048664694729,"standard_error":0.000701239657734594}}