{"mean":{"confidence_interval":{"confidence_level":0.95,"lower_bound":0.01713692880889574,"upper_bound":0.023334350617779723},"point_estimate":0.020112794741769635,"standard_error":0.0015626515359515238},"median":{"confidence_interval":{"confidence_level":0.95,"lower_bound":0.020967067934551983,"upper_bound":0.026240753005573048},"point_estimate":0.02317452638736084,"standard_error":0.0013750761711826662}}