{"mean":{"confidence_interval":{"confidence_level":0.95,"lower_bound":-0.01812248042604509,"upper_bound":-0.011216034926170846},"point_estimate":-0.014667617854855153,"standard_error":0.0017564756236989716},"median":{"confidence_interval":{"confidence_level":0.95,"lower_bound":-0.02434775086087071,"upper_bound":-0.016483447985414457},"point_estimate":-0.01820559421417045,"standard_error":0.0021262894581202973}}