{"mean":{"confidence_interval":{"confidence_level":0.95,"lower_bound":0.004464643804626472,"upper_bound":0.011064883506995282},"point_estimate":0.0073682091103624,"standard_error":0.001825257585163762},"median":{"confidence_interval":{"confidence_level":0.95,"lower_bound":0.0025061787858540185,"upper_bound":0.005236021112035694},"point_estimate":0.003105456658654804,"standard_error":0.0007188189618998597}}