{"mean":{"confidence_interval":{"confidence_level":0.95,"lower_bound":8934821.568874998,"upper_bound":8946539.002875004},"point_estimate":8940630.78,"standard_error":2993.4049327670346},"median":{"confidence_interval":{"confidence_level":0.95,"lower_bound":8932610.0,"upper_bound":8943682.333333332},"point_estimate":8938658.083333332,"standard_error":2863.8988957982506},"median_abs_dev":{"confidence_interval":{"confidence_level":0.95,"lower_bound":20990.156227349315,"upper_bound":35026.17727816197},"point_estimate":28394.87824589106,"standard_error":3643.9581072660844},"slope":null,"std_dev":{"confidence_interval":{"confidence_level":0.95,"lower_bound":25069.59021439734,"upper_bound":34616.43318369296},"point_estimate":30032.849780857134,"standard_error":2434.863459287345}}