{"mean":{"confidence_interval":{"confidence_level":0.95,"lower_bound":5622020.509305555,"upper_bound":5639382.7256666655},"point_estimate":5630859.966666668,"standard_error":4423.921234815887},"median":{"confidence_interval":{"confidence_level":0.95,"lower_bound":5634626.333333333,"upper_bound":5653184.777777778},"point_estimate":5647578.333333333,"standard_error":4339.054272526587},"median_abs_dev":{"confidence_interval":{"confidence_level":0.95,"lower_bound":24985.598423082854,"upper_bound":48002.88064777851},"point_estimate":32786.462917924386,"standard_error":5603.916309394882},"slope":null,"std_dev":{"confidence_interval":{"confidence_level":0.95,"lower_bound":38848.759464302355,"upper_bound":48947.337070626134},"point_estimate":44438.16980974273,"standard_error":2572.1979058057536}}