{"mean":{"confidence_interval":{"confidence_level":0.95,"lower_bound":-0.0019062445159657466,"upper_bound":-0.0006467808441519122},"point_estimate":-0.0013014762445815453,"standard_error":0.0003216415417120794},"median":{"confidence_interval":{"confidence_level":0.95,"lower_bound":-0.002390538434075662,"upper_bound":-0.0009119418314711414},"point_estimate":-0.0017422009806677963,"standard_error":0.00038194711718408144}}