{"mean":{"confidence_interval":{"confidence_level":0.95,"lower_bound":-0.00010231337319124282,"upper_bound":0.0033784511697871047},"point_estimate":0.001726941149538197,"standard_error":0.000881674178917764},"median":{"confidence_interval":{"confidence_level":0.95,"lower_bound":0.0002181273265726819,"upper_bound":0.0012409038240823733},"point_estimate":0.0007228365531983805,"standard_error":0.0002490087667696101}}