{"mean":{"confidence_interval":{"confidence_level":0.95,"lower_bound":-0.008058619899757032,"upper_bound":0.0034457566458714977},"point_estimate":-0.0023542794783938392,"standard_error":0.0028735170980518057},"median":{"confidence_interval":{"confidence_level":0.95,"lower_bound":-0.00248696597144904,"upper_bound":-0.0011140470373759426},"point_estimate":-0.0018240649740042247,"standard_error":0.00036184776893275134}}